<?xml version="1.0" encoding="UTF-8"?>
<root>
  <item name="com.google.android.exoplayer2.drm.DefaultDrmSession DefaultDrmSession(java.util.UUID, com.google.android.exoplayer2.drm.ExoMediaDrm, com.google.android.exoplayer2.drm.DefaultDrmSession.ProvisioningManager, com.google.android.exoplayer2.drm.DefaultDrmSession.ReferenceCountListener, java.util.List&lt;com.google.android.exoplayer2.drm.DrmInitData.SchemeData&gt;, int, boolean, boolean, byte[], java.util.HashMap&lt;java.lang.String,java.lang.String&gt;, com.google.android.exoplayer2.drm.MediaDrmCallback, android.os.Looper, com.google.android.exoplayer2.upstream.LoadErrorHandlingPolicy, com.google.android.exoplayer2.analytics.PlayerId) 5">
    <annotation name="androidx.annotation.IntDef">
      <val name="value" val="{com.google.android.exoplayer2.drm.DefaultDrmSessionManager.MODE_PLAYBACK, com.google.android.exoplayer2.drm.DefaultDrmSessionManager.MODE_QUERY, com.google.android.exoplayer2.drm.DefaultDrmSessionManager.MODE_DOWNLOAD, com.google.android.exoplayer2.drm.DefaultDrmSessionManager.MODE_RELEASE}" />
    </annotation>
  </item>
  <item name="com.google.android.exoplayer2.drm.DefaultDrmSession int getState()">
    <annotation name="androidx.annotation.IntDef">
      <val name="value" val="{com.google.android.exoplayer2.drm.DrmSession.STATE_RELEASED, com.google.android.exoplayer2.drm.DrmSession.STATE_ERROR, com.google.android.exoplayer2.drm.DrmSession.STATE_OPENING, com.google.android.exoplayer2.drm.DrmSession.STATE_OPENED, com.google.android.exoplayer2.drm.DrmSession.STATE_OPENED_WITH_KEYS}" />
    </annotation>
  </item>
  <item name="com.google.android.exoplayer2.drm.DefaultDrmSession mode">
    <annotation name="androidx.annotation.IntDef">
      <val name="value" val="{com.google.android.exoplayer2.drm.DefaultDrmSessionManager.MODE_PLAYBACK, com.google.android.exoplayer2.drm.DefaultDrmSessionManager.MODE_QUERY, com.google.android.exoplayer2.drm.DefaultDrmSessionManager.MODE_DOWNLOAD, com.google.android.exoplayer2.drm.DefaultDrmSessionManager.MODE_RELEASE}" />
    </annotation>
  </item>
  <item name="com.google.android.exoplayer2.drm.DefaultDrmSession state">
    <annotation name="androidx.annotation.IntDef">
      <val name="value" val="{com.google.android.exoplayer2.drm.DrmSession.STATE_RELEASED, com.google.android.exoplayer2.drm.DrmSession.STATE_ERROR, com.google.android.exoplayer2.drm.DrmSession.STATE_OPENING, com.google.android.exoplayer2.drm.DrmSession.STATE_OPENED, com.google.android.exoplayer2.drm.DrmSession.STATE_OPENED_WITH_KEYS}" />
    </annotation>
  </item>
  <item name="com.google.android.exoplayer2.drm.DefaultDrmSession void onError(java.lang.Exception, int) 1">
    <annotation name="androidx.annotation.IntDef">
      <val name="value" val="{com.google.android.exoplayer2.drm.DrmUtil.ERROR_SOURCE_EXO_MEDIA_DRM, com.google.android.exoplayer2.drm.DrmUtil.ERROR_SOURCE_LICENSE_ACQUISITION, com.google.android.exoplayer2.drm.DrmUtil.ERROR_SOURCE_PROVISIONING}" />
    </annotation>
  </item>
  <item name="com.google.android.exoplayer2.drm.DefaultDrmSessionManager void setMode(int, byte[]) 0">
    <annotation name="androidx.annotation.IntDef">
      <val name="value" val="{com.google.android.exoplayer2.drm.DefaultDrmSessionManager.MODE_PLAYBACK, com.google.android.exoplayer2.drm.DefaultDrmSessionManager.MODE_QUERY, com.google.android.exoplayer2.drm.DefaultDrmSessionManager.MODE_DOWNLOAD, com.google.android.exoplayer2.drm.DefaultDrmSessionManager.MODE_RELEASE}" />
    </annotation>
  </item>
  <item name="com.google.android.exoplayer2.drm.DefaultDrmSessionManager.Mode">
    <annotation name="androidx.annotation.IntDef">
      <val name="value" val="{com.google.android.exoplayer2.drm.DefaultDrmSessionManager.MODE_PLAYBACK, com.google.android.exoplayer2.drm.DefaultDrmSessionManager.MODE_QUERY, com.google.android.exoplayer2.drm.DefaultDrmSessionManager.MODE_DOWNLOAD, com.google.android.exoplayer2.drm.DefaultDrmSessionManager.MODE_RELEASE}" />
    </annotation>
  </item>
  <item name="com.google.android.exoplayer2.drm.DrmSession int getState()">
    <annotation name="androidx.annotation.IntDef">
      <val name="value" val="{com.google.android.exoplayer2.drm.DrmSession.STATE_RELEASED, com.google.android.exoplayer2.drm.DrmSession.STATE_ERROR, com.google.android.exoplayer2.drm.DrmSession.STATE_OPENING, com.google.android.exoplayer2.drm.DrmSession.STATE_OPENED, com.google.android.exoplayer2.drm.DrmSession.STATE_OPENED_WITH_KEYS}" />
    </annotation>
  </item>
  <item name="com.google.android.exoplayer2.drm.DrmSession.State">
    <annotation name="androidx.annotation.IntDef">
      <val name="value" val="{com.google.android.exoplayer2.drm.DrmSession.STATE_RELEASED, com.google.android.exoplayer2.drm.DrmSession.STATE_ERROR, com.google.android.exoplayer2.drm.DrmSession.STATE_OPENING, com.google.android.exoplayer2.drm.DrmSession.STATE_OPENED, com.google.android.exoplayer2.drm.DrmSession.STATE_OPENED_WITH_KEYS}" />
    </annotation>
  </item>
  <item name="com.google.android.exoplayer2.drm.DrmSessionEventListener void onDrmSessionAcquired(int, com.google.android.exoplayer2.source.MediaSource.MediaPeriodId, int) 2">
    <annotation name="androidx.annotation.IntDef">
      <val name="value" val="{com.google.android.exoplayer2.drm.DrmSession.STATE_RELEASED, com.google.android.exoplayer2.drm.DrmSession.STATE_ERROR, com.google.android.exoplayer2.drm.DrmSession.STATE_OPENING, com.google.android.exoplayer2.drm.DrmSession.STATE_OPENED, com.google.android.exoplayer2.drm.DrmSession.STATE_OPENED_WITH_KEYS}" />
    </annotation>
  </item>
  <item name="com.google.android.exoplayer2.drm.DrmSessionEventListener.EventDispatcher void drmSessionAcquired(int) 0">
    <annotation name="androidx.annotation.IntDef">
      <val name="value" val="{com.google.android.exoplayer2.drm.DrmSession.STATE_RELEASED, com.google.android.exoplayer2.drm.DrmSession.STATE_ERROR, com.google.android.exoplayer2.drm.DrmSession.STATE_OPENING, com.google.android.exoplayer2.drm.DrmSession.STATE_OPENED, com.google.android.exoplayer2.drm.DrmSession.STATE_OPENED_WITH_KEYS}" />
    </annotation>
  </item>
  <item name="com.google.android.exoplayer2.drm.DrmUtil int getErrorCodeForMediaDrmException(java.lang.Exception, int) 1">
    <annotation name="androidx.annotation.IntDef">
      <val name="value" val="{com.google.android.exoplayer2.drm.DrmUtil.ERROR_SOURCE_EXO_MEDIA_DRM, com.google.android.exoplayer2.drm.DrmUtil.ERROR_SOURCE_LICENSE_ACQUISITION, com.google.android.exoplayer2.drm.DrmUtil.ERROR_SOURCE_PROVISIONING}" />
    </annotation>
  </item>
  <item name="com.google.android.exoplayer2.drm.DrmUtil.ErrorSource">
    <annotation name="androidx.annotation.IntDef">
      <val name="value" val="{com.google.android.exoplayer2.drm.DrmUtil.ERROR_SOURCE_EXO_MEDIA_DRM, com.google.android.exoplayer2.drm.DrmUtil.ERROR_SOURCE_LICENSE_ACQUISITION, com.google.android.exoplayer2.drm.DrmUtil.ERROR_SOURCE_PROVISIONING}" />
    </annotation>
  </item>
  <item name="com.google.android.exoplayer2.drm.ExoMediaDrm.KeyRequest KeyRequest(byte[], java.lang.String, int) 2">
    <annotation name="androidx.annotation.IntDef">
      <val name="value" val="{com.google.android.exoplayer2.drm.ExoMediaDrm.KeyRequest.REQUEST_TYPE_UNKNOWN, com.google.android.exoplayer2.drm.ExoMediaDrm.KeyRequest.REQUEST_TYPE_INITIAL, com.google.android.exoplayer2.drm.ExoMediaDrm.KeyRequest.REQUEST_TYPE_RENEWAL, com.google.android.exoplayer2.drm.ExoMediaDrm.KeyRequest.REQUEST_TYPE_RELEASE, com.google.android.exoplayer2.drm.ExoMediaDrm.KeyRequest.REQUEST_TYPE_NONE, com.google.android.exoplayer2.drm.ExoMediaDrm.KeyRequest.REQUEST_TYPE_UPDATE}" />
    </annotation>
  </item>
  <item name="com.google.android.exoplayer2.drm.ExoMediaDrm.KeyRequest int getRequestType()">
    <annotation name="androidx.annotation.IntDef">
      <val name="value" val="{com.google.android.exoplayer2.drm.ExoMediaDrm.KeyRequest.REQUEST_TYPE_UNKNOWN, com.google.android.exoplayer2.drm.ExoMediaDrm.KeyRequest.REQUEST_TYPE_INITIAL, com.google.android.exoplayer2.drm.ExoMediaDrm.KeyRequest.REQUEST_TYPE_RENEWAL, com.google.android.exoplayer2.drm.ExoMediaDrm.KeyRequest.REQUEST_TYPE_RELEASE, com.google.android.exoplayer2.drm.ExoMediaDrm.KeyRequest.REQUEST_TYPE_NONE, com.google.android.exoplayer2.drm.ExoMediaDrm.KeyRequest.REQUEST_TYPE_UPDATE}" />
    </annotation>
  </item>
  <item name="com.google.android.exoplayer2.drm.ExoMediaDrm.KeyRequest requestType">
    <annotation name="androidx.annotation.IntDef">
      <val name="value" val="{com.google.android.exoplayer2.drm.ExoMediaDrm.KeyRequest.REQUEST_TYPE_UNKNOWN, com.google.android.exoplayer2.drm.ExoMediaDrm.KeyRequest.REQUEST_TYPE_INITIAL, com.google.android.exoplayer2.drm.ExoMediaDrm.KeyRequest.REQUEST_TYPE_RENEWAL, com.google.android.exoplayer2.drm.ExoMediaDrm.KeyRequest.REQUEST_TYPE_RELEASE, com.google.android.exoplayer2.drm.ExoMediaDrm.KeyRequest.REQUEST_TYPE_NONE, com.google.android.exoplayer2.drm.ExoMediaDrm.KeyRequest.REQUEST_TYPE_UPDATE}" />
    </annotation>
  </item>
  <item name="com.google.android.exoplayer2.drm.ExoMediaDrm.KeyRequest.RequestType">
    <annotation name="androidx.annotation.IntDef">
      <val name="value" val="{com.google.android.exoplayer2.drm.ExoMediaDrm.KeyRequest.REQUEST_TYPE_UNKNOWN, com.google.android.exoplayer2.drm.ExoMediaDrm.KeyRequest.REQUEST_TYPE_INITIAL, com.google.android.exoplayer2.drm.ExoMediaDrm.KeyRequest.REQUEST_TYPE_RENEWAL, com.google.android.exoplayer2.drm.ExoMediaDrm.KeyRequest.REQUEST_TYPE_RELEASE, com.google.android.exoplayer2.drm.ExoMediaDrm.KeyRequest.REQUEST_TYPE_NONE, com.google.android.exoplayer2.drm.ExoMediaDrm.KeyRequest.REQUEST_TYPE_UPDATE}" />
    </annotation>
  </item>
  <item name="com.google.android.exoplayer2.drm.OfflineLicenseHelper byte[] acquireSessionAndGetOfflineLicenseKeySetIdOnHandlerThread(int, byte[], com.google.android.exoplayer2.Format) 0">
    <annotation name="androidx.annotation.IntDef">
      <val name="value" val="{com.google.android.exoplayer2.drm.DefaultDrmSessionManager.MODE_PLAYBACK, com.google.android.exoplayer2.drm.DefaultDrmSessionManager.MODE_QUERY, com.google.android.exoplayer2.drm.DefaultDrmSessionManager.MODE_DOWNLOAD, com.google.android.exoplayer2.drm.DefaultDrmSessionManager.MODE_RELEASE}" />
    </annotation>
  </item>
  <item name="com.google.android.exoplayer2.drm.OfflineLicenseHelper com.google.android.exoplayer2.drm.DrmSession acquireFirstSessionOnHandlerThread(int, byte[], com.google.android.exoplayer2.Format) 0">
    <annotation name="androidx.annotation.IntDef">
      <val name="value" val="{com.google.android.exoplayer2.drm.DefaultDrmSessionManager.MODE_PLAYBACK, com.google.android.exoplayer2.drm.DefaultDrmSessionManager.MODE_QUERY, com.google.android.exoplayer2.drm.DefaultDrmSessionManager.MODE_DOWNLOAD, com.google.android.exoplayer2.drm.DefaultDrmSessionManager.MODE_RELEASE}" />
    </annotation>
  </item>
  <item name="com.google.android.exoplayer2.drm.UnsupportedDrmException UnsupportedDrmException(int) 0">
    <annotation name="androidx.annotation.IntDef">
      <val name="value" val="{com.google.android.exoplayer2.drm.UnsupportedDrmException.REASON_UNSUPPORTED_SCHEME, com.google.android.exoplayer2.drm.UnsupportedDrmException.REASON_INSTANTIATION_ERROR}" />
    </annotation>
  </item>
  <item name="com.google.android.exoplayer2.drm.UnsupportedDrmException UnsupportedDrmException(int, java.lang.Exception) 0">
    <annotation name="androidx.annotation.IntDef">
      <val name="value" val="{com.google.android.exoplayer2.drm.UnsupportedDrmException.REASON_UNSUPPORTED_SCHEME, com.google.android.exoplayer2.drm.UnsupportedDrmException.REASON_INSTANTIATION_ERROR}" />
    </annotation>
  </item>
  <item name="com.google.android.exoplayer2.drm.UnsupportedDrmException reason">
    <annotation name="androidx.annotation.IntDef">
      <val name="value" val="{com.google.android.exoplayer2.drm.UnsupportedDrmException.REASON_UNSUPPORTED_SCHEME, com.google.android.exoplayer2.drm.UnsupportedDrmException.REASON_INSTANTIATION_ERROR}" />
    </annotation>
  </item>
  <item name="com.google.android.exoplayer2.drm.UnsupportedDrmException.Reason">
    <annotation name="androidx.annotation.IntDef">
      <val name="value" val="{com.google.android.exoplayer2.drm.UnsupportedDrmException.REASON_UNSUPPORTED_SCHEME, com.google.android.exoplayer2.drm.UnsupportedDrmException.REASON_INSTANTIATION_ERROR}" />
    </annotation>
  </item>
</root>

